Workbook

Sheet Event Counts 2027
A1: District | B1: Reported Deaths (2027)
A2: Central | B2: 180
A3: Northgate | B3: 42
A4: Riverside | B4: 95
A5: Highland | B5: 38
A6: Eastfield | B6: 70
A7: Westbrook | B7: 55
A8: Lakeview | B8: 30
A9: Southport | B9: 88

Sheet Census Population
A1: District | B1: Census Population (2020) | C1: Annual Growth Rate
A2: Central | B2: 420000 | C2: 0.025
A3: Northgate | B3: 95000 | C3: 0.031
A4: Riverside | B4: 210000 | C4: 0.022
A5: Highland | B5: 88000 | C5: 0.028
A6: Eastfield | B6: 165000 | C6: 0.019
A7: Westbrook | B7: 130000 | C7: 0.024
A8: Lakeview | B8: 70000 | C8: 0.033
A9: Southport | B9: 205000 | C9: 0.021
A11: Note: blue values are inputs from the national census bureau (Source: simulated for training purposes).

Sheet Rate Calculation
A1: Crude Death Rate Calculation, 2027 (per 1,000 population)
A2: Census year: 2020 | Analysis year: 2027 | Years elapsed: 7
A4: District | B4: 2027 Deaths | C4: 2020 Census Pop. | D4: Growth Rate | E4: Est. 2027 Population | F4: Crude Death Rate (per 1,000) | G4: Crude Death Rate (per 100,000) | H4: Rank (by rate)
A5: Central | B5: =INDEX('Event Counts 2027'!$B$2:$B$9,MATCH(A5,'Event Counts 2027'!$A$2:$A$9,0)) -> 180 | C5: =INDEX('Census Population'!$B$2:$B$9,MATCH(A5,'Census Population'!$A$2:$A$9,0)) -> 420000 | D5: =INDEX('Census Population'!$C$2:$C$9,MATCH(A5,'Census Population'!$A$2:$A$9,0)) -> 0.025 | E5: =C5*(1+D5)^7 -> 499248.02 | F5: =(B5/E5)*1000 -> 0.36054224 | G5: =(B5/E5)*100000 -> 36.054224 | H5: =RANK(F5,$F$5:$F$12,0) -> 4
A6: Northgate | B6: =INDEX('Event Counts 2027'!$B$2:$B$9,MATCH(A6,'Event Counts 2027'!$A$2:$A$9,0)) -> 42 | C6: =INDEX('Census Population'!$B$2:$B$9,MATCH(A6,'Census Population'!$A$2:$A$9,0)) -> 95000 | D6: =INDEX('Census Population'!$C$2:$C$9,MATCH(A6,'Census Population'!$A$2:$A$9,0)) -> 0.031 | E6: =C6*(1+D6)^7 -> 117634.38 | F6: =(B6/E6)*1000 -> 0.35703848 | G6: =(B6/E6)*100000 -> 35.703848 | H6: =RANK(F6,$F$5:$F$12,0) -> 6
A7: Riverside | B7: =INDEX('Event Counts 2027'!$B$2:$B$9,MATCH(A7,'Event Counts 2027'!$A$2:$A$9,0)) -> 95 | C7: =INDEX('Census Population'!$B$2:$B$9,MATCH(A7,'Census Population'!$A$2:$A$9,0)) -> 210000 | D7: =INDEX('Census Population'!$C$2:$C$9,MATCH(A7,'Census Population'!$A$2:$A$9,0)) -> 0.022 | E7: =C7*(1+D7)^7 -> 244554.45 | F7: =(B7/E7)*1000 -> 0.38846155 | G7: =(B7/E7)*100000 -> 38.846155 | H7: =RANK(F7,$F$5:$F$12,0) -> 1
A8: Highland | B8: =INDEX('Event Counts 2027'!$B$2:$B$9,MATCH(A8,'Event Counts 2027'!$A$2:$A$9,0)) -> 38 | C8: =INDEX('Census Population'!$B$2:$B$9,MATCH(A8,'Census Population'!$A$2:$A$9,0)) -> 88000 | D8: =INDEX('Census Population'!$C$2:$C$9,MATCH(A8,'Census Population'!$A$2:$A$9,0)) -> 0.028 | E8: =C8*(1+D8)^7 -> 106766.37 | F8: =(B8/E8)*1000 -> 0.35591732 | G8: =(B8/E8)*100000 -> 35.591732 | H8: =RANK(F8,$F$5:$F$12,0) -> 7
A9: Eastfield | B9: =INDEX('Event Counts 2027'!$B$2:$B$9,MATCH(A9,'Event Counts 2027'!$A$2:$A$9,0)) -> 70 | C9: =INDEX('Census Population'!$B$2:$B$9,MATCH(A9,'Census Population'!$A$2:$A$9,0)) -> 165000 | D9: =INDEX('Census Population'!$C$2:$C$9,MATCH(A9,'Census Population'!$A$2:$A$9,0)) -> 0.019 | E9: =C9*(1+D9)^7 -> 188236.24 | F9: =(B9/E9)*1000 -> 0.37187314 | G9: =(B9/E9)*100000 -> 37.187314 | H9: =RANK(F9,$F$5:$F$12,0) -> 2
A10: Westbrook | B10: =INDEX('Event Counts 2027'!$B$2:$B$9,MATCH(A10,'Event Counts 2027'!$A$2:$A$9,0)) -> 55 | C10: =INDEX('Census Population'!$B$2:$B$9,MATCH(A10,'Census Population'!$A$2:$A$9,0)) -> 130000 | D10: =INDEX('Census Population'!$C$2:$C$9,MATCH(A10,'Census Population'!$A$2:$A$9,0)) -> 0.024 | E10: =C10*(1+D10)^7 -> 153476.91 | F10: =(B10/E10)*1000 -> 0.35836009 | G10: =(B10/E10)*100000 -> 35.836009 | H10: =RANK(F10,$F$5:$F$12,0) -> 5
A11: Lakeview | B11: =INDEX('Event Counts 2027'!$B$2:$B$9,MATCH(A11,'Event Counts 2027'!$A$2:$A$9,0)) -> 30 | C11: =INDEX('Census Population'!$B$2:$B$9,MATCH(A11,'Census Population'!$A$2:$A$9,0)) -> 70000 | D11: =INDEX('Census Population'!$C$2:$C$9,MATCH(A11,'Census Population'!$A$2:$A$9,0)) -> 0.033 | E11: =C11*(1+D11)^7 -> 87861.839 | F11: =(B11/E11)*1000 -> 0.34144516 | G11: =(B11/E11)*100000 -> 34.144516 | H11: =RANK(F11,$F$5:$F$12,0) -> 8
A12: Southport | B12: =INDEX('Event Counts 2027'!$B$2:$B$9,MATCH(A12,'Event Counts 2027'!$A$2:$A$9,0)) -> 88 | C12: =INDEX('Census Population'!$B$2:$B$9,MATCH(A12,'Census Population'!$A$2:$A$9,0)) -> 205000 | D12: =INDEX('Census Population'!$C$2:$C$9,MATCH(A12,'Census Population'!$A$2:$A$9,0)) -> 0.021 | E12: =C12*(1+D12)^7 -> 237101.37 | F12: =(B12/E12)*1000 -> 0.37114927 | G12: =(B12/E12)*100000 -> 37.114927 | H12: =RANK(F12,$F$5:$F$12,0) -> 3
A14: Formula reference:
A15: Est. Population = Census Pop x (1 + Growth Rate) ^ (Analysis Year - Census Year)
A16: Rate = (Events / Estimated Population) x Multiplier

Sheet Instructions
A1: Rates & Census Linkage Practice Workbook — Instructions
A3: Purpose: practice accessing and using census data to calculate rates in Excel (Tuesday session).
A5: 'Event Counts 2027' — simulated reported deaths by district for the analysis year.
A6: 'Census Population' — simulated 2020 census population and annual growth rate by district (blue = input values).
A7: 'Rate Calculation' — INDEX/MATCH joins the two tables by district name, applies the inter-censal growth formula to estimate the 2027 population, then calculates the crude death rate per 1,000 and per 100,000.
A9: Exercise steps:
A10: 1. Compare the district ranking by raw death count (Event Counts sheet) to the ranking by rate (column H in Rate Calculation). Identify a district whose rank changes and explain why.
A11: 2. Try changing a district's growth rate in 'Census Population' and observe how the estimated population and resulting rate update automatically.
A12: 3. Confirm every INDEX/MATCH lookup uses the exact-match argument (the final 0 in MATCH) - remove it on one row deliberately to see how the result can silently become wrong.
A13: 4. Discuss: which multiplier (per 1,000 vs. per 100,000) would you choose for a rarer event such as maternal deaths, and why?
